{"precision": 0.7987927565392354, "recall": 0.5054105665181413, "fbeta": 0.619103313840156}